image,index_time,search_time
i000.jpeg,0.2456,0.0082
i001.jpeg,0.4494,0.0082
i002.jpeg,0.3248,0.0090
i003.jpeg,0.2927,0.0082
i004.jpeg,0.2911,0.0092
i005.jpeg,0.2746,0.0081
i006.jpeg,0.4864,0.0082
i007.jpeg,0.3689,0.0082
i008.jpeg,0.3105,0.0074
i009.jpeg,0.3692,0.0082
i010.jpeg,0.3249,0.0092
i011.jpeg,0.2184,0.0090
i012.jpeg,0.3317,0.0084
i013.jpeg,0.4192,0.0086
i014.jpeg,0.4764,0.0077
i015.jpeg,0.3064,0.0082
i016.jpeg,0.2664,0.0082
i017.jpeg,0.2820,0.0082
i018.jpeg,0.3265,0.0083
i019.jpeg,0.2998,0.0090
i020.jpeg,0.2697,0.0088
i021.jpeg,0.3035,0.0082
i022.jpeg,0.2966,0.0081
i023.jpeg,0.2918,0.0082
i024.jpeg,0.5511,0.0090
i025.jpeg,0.3541,0.0082
i026.jpeg,0.2294,0.0080
i027.jpeg,0.2880,0.0082
i028.jpeg,0.3089,0.0082
i029.jpeg,0.2799,0.0082
i030.jpeg,0.3082,0.0087
i031.jpeg,0.3059,0.0092
i032.jpeg,0.3546,0.0082
i033.jpeg,0.2590,0.0082
i034.jpeg,0.2753,0.0082
i035.jpeg,0.3112,0.0082
i036.jpeg,0.4338,0.0091
i037.jpeg,0.2818,0.0082
i038.jpeg,0.3752,0.0072
i039.jpeg,0.2812,0.0082
i040.jpeg,0.3502,0.0090
i041.jpeg,0.2957,0.0092
i042.jpeg,0.2970,0.0080
i043.jpeg,0.3949,0.0082
i044.jpeg,0.2840,0.0083
i045.jpeg,0.3622,0.0082
i046.jpeg,0.4270,0.0102
i047.jpeg,0.5258,0.0103
i048.jpeg,0.3503,0.0080
i049.jpeg,0.3561,0.0072
i050.jpeg,0.3459,0.0116
i051.jpeg,0.3354,0.0092
i052.jpeg,0.5602,0.0091
i053.jpeg,0.2948,0.0082
i054.jpeg,0.3759,0.0083
i055.jpeg,0.3027,0.0082
i056.jpeg,0.3223,0.0082
i057.jpeg,0.3407,0.0090
i058.jpeg,0.3204,0.0092
i059.jpeg,0.2936,0.0082
i060.jpeg,0.3104,0.0092
i061.jpeg,0.3004,0.0080
i062.jpeg,0.3259,0.0073
i063.jpeg,0.2825,0.0092
i064.jpeg,0.2828,0.0085
i065.jpeg,0.3501,0.0087
i066.jpeg,0.2484,0.0080
i067.jpeg,0.2914,0.0087
i068.jpeg,0.3506,0.0081
i069.jpeg,0.3816,0.0082
i070.jpeg,0.3213,0.0083
i071.jpeg,0.3948,0.0081
i072.jpeg,0.2921,0.0082
i073.jpeg,0.3632,0.0083
i074.jpeg,0.3796,0.0071
i075.jpeg,0.5076,0.0092
i076.jpeg,0.2454,0.0080
i077.jpeg,0.2990,0.0060
i078.jpeg,0.2273,0.0062
i079.jpeg,0.2404,0.0072
i080.jpeg,0.3075,0.0067
i081.jpeg,0.3928,0.0092
i082.jpeg,0.2214,0.0060
i083.jpeg,0.2395,0.0062
i084.jpeg,0.2666,0.0080
i085.jpeg,0.2933,0.0060
i086.jpeg,0.3082,0.0070
i087.jpeg,0.2291,0.0080
i088.jpeg,0.2230,0.0060
i089.jpeg,0.2155,0.0062
i090.jpeg,0.3455,0.0060
i091.jpeg,0.2241,0.0062
i092.jpeg,0.3548,0.0065
i093.jpeg,0.2603,0.0073
i094.jpeg,0.2502,0.0062
i095.jpeg,0.2402,0.0071
i096.jpeg,0.1957,0.0073
i097.jpeg,0.2333,0.0073
i098.jpeg,0.2781,0.0061
i099.jpeg,0.2380,0.0070
i100.jpeg,0.2051,0.0072
i101.jpeg,0.2191,0.0066
i102.jpeg,0.2750,0.0070
i103.jpeg,0.2206,0.0068
i104.jpeg,0.2644,0.0071
i105.jpeg,0.3008,0.0072
i106.jpeg,0.2292,0.0106
i107.jpeg,0.2237,0.0070
i108.jpeg,0.2589,0.0101
i109.jpeg,0.2182,0.0072
i110.jpeg,0.2356,0.0061
i111.jpeg,0.2708,0.0070
i112.jpeg,0.2362,0.0070
i113.jpeg,0.2651,0.0055
i114.jpeg,0.2452,0.0062
i115.jpeg,0.2294,0.0052
i116.jpeg,0.1847,0.0067
i117.jpeg,0.1562,0.0176
i118.jpeg,0.2376,0.0082
i119.jpeg,0.3682,0.0072
i120.jpeg,0.2809,0.0070
i121.jpeg,0.2634,0.0072
i122.jpeg,0.2292,0.0060
i123.jpeg,0.2221,0.0072
i124.jpeg,0.2682,0.0070
i125.jpeg,0.3069,0.0055
i126.jpeg,0.2207,0.0072
i127.jpeg,0.2687,0.0062
i128.jpeg,0.2959,0.0060
i129.jpeg,0.3059,0.0091
i130.jpeg,0.2608,0.0072
i131.jpeg,0.2745,0.0070
i132.jpeg,0.2538,0.0070
i133.jpeg,0.2671,0.0070
i134.jpeg,0.2791,0.0070
i135.jpeg,0.3375,0.0061
i136.jpeg,0.1958,0.0070
i137.jpeg,0.2438,0.0060
i138.jpeg,0.2303,0.0072
i139.jpeg,0.2937,0.0070
i140.jpeg,0.2335,0.0050
i141.jpeg,0.3585,0.0071
i142.jpeg,0.2414,0.0069
i143.jpeg,0.2711,0.0072
i144.jpeg,0.2717,0.0061
i145.jpeg,0.2650,0.0070
i146.jpeg,0.4017,0.0070
i147.jpeg,0.2340,0.0070
i148.jpeg,0.2900,0.0070
i149.jpeg,0.2360,0.0072
i150.jpeg,0.2214,0.0060
i151.jpeg,0.2828,0.0062
i152.jpeg,0.3166,0.0070
i153.jpeg,0.2320,0.0070
i154.jpeg,0.2483,0.0072
i155.jpeg,0.3014,0.0070
i156.jpeg,0.2313,0.0082
i157.jpeg,0.2397,0.0070
i158.jpeg,0.1997,0.0070
i159.jpeg,0.3338,0.0061
i160.jpeg,0.2184,0.0072
i161.jpeg,0.2493,0.0060
i162.jpeg,0.2257,0.0062
i163.jpeg,0.2424,0.0060
i164.jpeg,0.2108,0.0070
i165.jpeg,0.2407,0.0072
i166.jpeg,0.3865,0.0060
i167.jpeg,0.3934,0.0071
i168.jpeg,0.2880,0.0070
i169.jpeg,0.2461,0.0076
i170.jpeg,0.2177,0.0062
i171.jpeg,0.3584,0.0062
i172.jpeg,0.2443,0.0092
i173.jpeg,0.2302,0.0070
i174.jpeg,0.2278,0.0072
i175.jpeg,0.2242,0.0070
i176.jpeg,0.2141,0.0073
i177.jpeg,0.3375,0.0062
i178.jpeg,0.3036,0.0067
i179.jpeg,0.3018,0.0070
i180.jpeg,0.3160,0.0070
i181.jpeg,0.2647,0.0073
i182.jpeg,0.3198,0.0072
i183.jpeg,0.2253,0.0070
i184.jpeg,0.2286,0.0077
i185.jpeg,0.2994,0.0072
i186.jpeg,0.2183,0.0062
i187.jpeg,0.2542,0.0070
i188.jpeg,0.2370,0.0062
i189.jpeg,0.4865,0.0063
i190.jpeg,0.2417,0.0081
i191.jpeg,0.2325,0.0070
i192.jpeg,0.2267,0.0063
i193.jpeg,0.2977,0.0065
i194.jpeg,0.2210,0.0070
i195.jpeg,0.2860,0.0061
i196.jpeg,0.2616,0.0053
i197.jpeg,0.2940,0.0070
i198.jpeg,0.2321,0.0067
i199.jpeg,0.3047,0.0071
i200.jpeg,0.2975,0.0063
i201.jpeg,0.1439,0.0062
i202.jpeg,0.2899,0.0070
i203.jpeg,0.1416,0.0110
i204.jpeg,0.2345,0.0072
i205.jpeg,0.2350,0.0072
i206.jpeg,0.4770,0.0081
i207.jpeg,0.2089,0.0081
i208.jpeg,0.2220,0.0092
i209.jpeg,0.2203,0.0060
i210.jpeg,0.2522,0.0060
i211.jpeg,0.1998,0.0062
i212.jpeg,0.2281,0.0072
i213.jpeg,0.2064,0.0062
i214.jpeg,0.2320,0.0060
i215.jpeg,0.1931,0.0082
i216.jpeg,0.2301,0.0072
i217.jpeg,0.2426,0.0073
i218.jpeg,0.2729,0.0067
i219.jpeg,0.2333,0.0072
i220.jpeg,0.1755,0.0060
i221.jpeg,0.2356,0.0062
i222.jpeg,0.3825,0.0072
i223.jpeg,0.2268,0.0072
i224.jpeg,0.2062,0.0072
i225.jpeg,0.3068,0.0071
i226.jpeg,0.3353,0.0071
i227.jpeg,0.2785,0.0070
i228.jpeg,0.2009,0.0070
i229.jpeg,0.3090,0.0078
i230.jpeg,0.2277,0.0074
i231.jpeg,0.3151,0.0070
i232.jpeg,0.2101,0.0070
i233.jpeg,0.2125,0.0137
i234.jpeg,0.2548,0.0062
i235.jpeg,0.2233,0.0062
i236.jpeg,0.3602,0.0062
i237.jpeg,0.2668,0.0070
i238.jpeg,0.3229,0.0070
i239.jpeg,0.3515,0.0070
i240.jpeg,0.3149,0.0072
i241.jpeg,0.2783,0.0072
i242.jpeg,0.1719,0.0080
i243.jpeg,0.2365,0.0072
i244.jpeg,0.2800,0.0072
i245.jpeg,0.2185,0.0065
i246.jpeg,0.2586,0.0071
i247.jpeg,0.2657,0.0062
i248.jpeg,0.2364,0.0070
i249.jpeg,0.3168,0.0071
i250.jpeg,0.2197,0.0062
i251.jpeg,0.1876,0.0070
i252.jpeg,0.2222,0.0062
i253.jpeg,0.3347,0.0070
i254.jpeg,0.1369,0.0062
i255.jpeg,0.2941,0.0072
i256.jpeg,0.2760,0.0070
i257.jpeg,0.2374,0.0072
i258.jpeg,0.2746,0.0082
i259.jpeg,0.2394,0.0072
i260.jpeg,0.2587,0.0074
i261.jpeg,0.2260,0.0067
i262.jpeg,0.2435,0.0070
i263.jpeg,0.3133,0.0070
i264.jpeg,0.2953,0.0067
i265.jpeg,0.2217,0.0062
i266.jpeg,0.2195,0.0070
i267.jpeg,0.2308,0.0070
i268.jpeg,0.2990,0.0070
i269.jpeg,0.2308,0.0070
i270.jpeg,0.2243,0.0072
i271.jpeg,0.2304,0.0074
i272.jpeg,0.2206,0.0072
i273.jpeg,0.2299,0.0070
i274.jpeg,0.2885,0.0070
i275.jpeg,0.4017,0.0072
i276.jpeg,0.2198,0.0060
i277.jpeg,0.2936,0.0072
i278.jpeg,0.2373,0.0072
i279.jpeg,0.1996,0.0073
i280.jpeg,0.2459,0.0072
i281.jpeg,0.2341,0.0092
i282.jpeg,0.2452,0.0060
i283.jpeg,0.2297,0.0072
i284.jpeg,0.2689,0.0062
i285.jpeg,0.2246,0.0071
i286.jpeg,0.2308,0.0070
i287.jpeg,0.2314,0.0072
i288.jpeg,0.2341,0.0071
i289.jpeg,0.2499,0.0063
i290.jpeg,0.3646,0.0063
i291.jpeg,0.2308,0.0073
i292.jpeg,0.2580,0.0062
i293.jpeg,0.2303,0.0070
i294.jpeg,0.3959,0.0062
i295.jpeg,0.2151,0.0071
i296.jpeg,0.2394,0.0072
i297.jpeg,0.2080,0.0072
i298.jpeg,0.2285,0.0101
i299.jpeg,0.2236,0.0060
i300.jpeg,0.2700,0.0071
i301.jpeg,0.3555,0.0070
i302.jpeg,0.3008,0.0067
i303.jpeg,0.2460,0.0072
i304.jpeg,0.3196,0.0070
i305.jpeg,0.2163,0.0062
i306.jpeg,0.2191,0.0062
i307.jpeg,0.3552,0.0071
i308.jpeg,0.2325,0.0072
i309.jpeg,0.3513,0.0082
i310.jpeg,0.3017,0.0060
i311.jpeg,0.2238,0.0061
i312.jpeg,0.3216,0.0070
i313.jpeg,0.3233,0.0062
i314.jpeg,0.2242,0.0076
i315.jpeg,0.3124,0.0072
i316.jpeg,0.3186,0.0066
i317.jpeg,0.3637,0.0072
i318.jpeg,0.3158,0.0071
i319.jpeg,0.2602,0.0063
i320.jpeg,0.3237,0.0060
i321.jpeg,0.2237,0.0067
i322.jpeg,0.3395,0.0052
i323.jpeg,0.3131,0.0070
i324.jpeg,0.2676,0.0077
i325.jpeg,0.2684,0.0082
i326.jpeg,0.3636,0.0064
i327.jpeg,0.2689,0.0083
i328.jpeg,0.3712,0.0081
i329.jpeg,0.3399,0.0072
i330.jpeg,0.2552,0.0083
i331.jpeg,0.2653,0.0070
i332.jpeg,0.3669,0.0067
i333.jpeg,0.3789,0.0065
i334.jpeg,0.2233,0.0072
i335.jpeg,0.2272,0.0071
i336.jpeg,0.2947,0.0062
i337.jpeg,0.2828,0.0070
i338.jpeg,0.2385,0.0070
i339.jpeg,0.3919,0.0070
i340.jpeg,0.2566,0.0072
i341.jpeg,0.2294,0.0061
i342.jpeg,0.2298,0.0073
i343.jpeg,0.4735,0.0062
i344.jpeg,0.2968,0.0070
i345.jpeg,0.3254,0.0080
i346.jpeg,0.3850,0.0073
i347.jpeg,0.2519,0.0060
i348.jpeg,0.2082,0.0065
i349.jpeg,0.2962,0.0070
i350.jpeg,0.2465,0.0070
i351.jpeg,0.2337,0.0060
i352.jpeg,0.2698,0.0070
i353.jpeg,0.2929,0.0072
i354.jpeg,0.2326,0.0071
i355.jpeg,0.3077,0.0072
i356.jpeg,0.3610,0.0072
i357.jpeg,0.2307,0.0082
i358.jpeg,0.2674,0.0072
i359.jpeg,0.2493,0.0072
i360.jpeg,0.3284,0.0082
i361.jpeg,0.1897,0.0072
i362.jpeg,0.2401,0.0070
i363.jpeg,0.2297,0.0070
i364.jpeg,0.2326,0.0072
i365.jpeg,0.2205,0.0082
i366.jpeg,0.2268,0.0067
i367.jpeg,0.2062,0.0070
i368.jpeg,0.2670,0.0072
i369.jpeg,0.2185,0.0062
i370.jpeg,0.2192,0.0072
i371.jpeg,0.3645,0.0081
i372.jpeg,0.2139,0.0134
i373.jpeg,0.3748,0.0082
i374.jpeg,0.3531,0.0070
i375.jpeg,0.2274,0.0070
i376.jpeg,0.2952,0.0065
i377.jpeg,0.2347,0.0072
i378.jpeg,0.2464,0.0072
i379.jpeg,0.2301,0.0080
i380.jpeg,0.3059,0.0062
i381.jpeg,0.2333,0.0062
i382.jpeg,0.3005,0.0070
i383.jpeg,0.2329,0.0072
i384.jpeg,0.3594,0.0062
i385.jpeg,0.2169,0.0070
i386.jpeg,0.1975,0.0073
i387.jpeg,0.3068,0.0060
i388.jpeg,0.2443,0.0071
i389.jpeg,0.3125,0.0072
i390.jpeg,0.1455,0.0102
i391.jpeg,0.3576,0.0070
i392.jpeg,0.2786,0.0070
i393.jpeg,0.2350,0.0070
i394.jpeg,0.2345,0.0072
i395.jpeg,0.2252,0.0068
i396.jpeg,0.2314,0.0062
i397.jpeg,0.2362,0.0072
i398.jpeg,0.3270,0.0062
i399.jpeg,0.1739,0.0073
i400.jpeg,0.2280,0.0070
i401.jpeg,0.2400,0.0072
i402.jpeg,0.3049,0.0092
i403.jpeg,0.2574,0.0082
i404.jpeg,0.2343,0.0072
i405.jpeg,0.2871,0.0062
i406.jpeg,0.3122,0.0062
i407.jpeg,0.3789,0.0070
i408.jpeg,0.2418,0.0083
i409.jpeg,0.2614,0.0071
i410.jpeg,0.2178,0.0075
i411.jpeg,0.2300,0.0070
i412.jpeg,0.2495,0.0070
i413.jpeg,0.2500,0.0072
i414.jpeg,0.2355,0.0070
i415.jpeg,0.3006,0.0072
i416.jpeg,0.1698,0.0070
i417.jpeg,0.2699,0.0080
i418.jpeg,0.2302,0.0082
i419.jpeg,0.2178,0.0070
i420.jpeg,0.3591,0.0071
i421.jpeg,0.2706,0.0083
i422.jpeg,0.2276,0.0070
i423.jpeg,0.1884,0.0072
i424.jpeg,0.2666,0.0071
i425.jpeg,0.3772,0.0072
i426.jpeg,0.2699,0.0072
i427.jpeg,0.2524,0.0077
i428.jpeg,0.2391,0.0062
i429.jpeg,0.2344,0.0072
i430.jpeg,0.3009,0.0077
i431.jpeg,0.2475,0.0070
i432.jpeg,0.2325,0.0070
i433.jpeg,0.2273,0.0070
i434.jpeg,0.2329,0.0072
i435.jpeg,0.2758,0.0072
i436.jpeg,0.2516,0.0070
i437.jpeg,0.2380,0.0073
i438.jpeg,0.2759,0.0072
i439.jpeg,0.2270,0.0072
i440.jpeg,0.3580,0.0070
i441.jpeg,0.2387,0.0072
i442.jpeg,0.2307,0.0060
i443.jpeg,0.2744,0.0072
i444.jpeg,0.2443,0.0082
i445.jpeg,0.2332,0.0072
i446.jpeg,0.2516,0.0102
i447.jpeg,0.2647,0.0070
i448.jpeg,0.2481,0.0075
i449.jpeg,0.2320,0.0072
i450.jpeg,0.2755,0.0072
i451.jpeg,0.3252,0.0072
i452.jpeg,0.2313,0.0075
i453.jpeg,0.2333,0.0073
i454.jpeg,0.2507,0.0072
i455.jpeg,0.2179,0.0072
i456.jpeg,0.2630,0.0072
i457.jpeg,0.2585,0.0072
i458.jpeg,0.2940,0.0072
i459.jpeg,0.3823,0.0082
i460.jpeg,0.2776,0.0073
i461.jpeg,0.2378,0.0073
i462.jpeg,0.3602,0.0082
i463.jpeg,0.3162,0.0072
i464.jpeg,0.3260,0.0072
i465.jpeg,0.2971,0.0072
i466.jpeg,0.2374,0.0072
i467.jpeg,0.2450,0.0072
i468.jpeg,0.3236,0.0070
i469.jpeg,0.3253,0.0070
i470.jpeg,0.3850,0.0070
i471.jpeg,0.3245,0.0070
i472.jpeg,0.3229,0.0072
i473.jpeg,0.2489,0.0080
i474.jpeg,0.3751,0.0070
i475.jpeg,0.2325,0.0072
i476.jpeg,0.2339,0.0070
i477.jpeg,0.2969,0.0062
i478.jpeg,0.2322,0.0072
i479.jpeg,0.2387,0.0072
i480.jpeg,0.2431,0.0072
i481.jpeg,0.3187,0.0077
i482.jpeg,0.2156,0.0070
i483.jpeg,0.2335,0.0072
i484.jpeg,0.2458,0.0082
i485.jpeg,0.2450,0.0072
i486.jpeg,0.2800,0.0072
i487.jpeg,0.2758,0.0072
i488.jpeg,0.2338,0.0062
i489.jpeg,0.2553,0.0072
i490.jpeg,0.2818,0.0070
i491.jpeg,0.2466,0.0071
i492.jpeg,0.2977,0.0071
i493.jpeg,0.2369,0.0072
i494.jpeg,0.3271,0.0083
i495.jpeg,0.2283,0.0071
i496.jpeg,0.2285,0.0071
i497.jpeg,0.2328,0.0071
i498.jpeg,0.2393,0.0080
i499.jpeg,0.3069,0.0073
i500.jpeg,0.2377,0.0070
i501.jpeg,0.2334,0.0071
i502.jpeg,0.3626,0.0070
i503.jpeg,0.2342,0.0070
i504.jpeg,0.2373,0.0070
i505.jpeg,0.2423,0.0072
i506.jpeg,0.2798,0.0072
i507.jpeg,0.1935,0.0082
i508.jpeg,0.2342,0.0072
i509.jpeg,0.2020,0.0070
i510.jpeg,0.3583,0.0072
i511.jpeg,0.3034,0.0061
i512.jpeg,0.2994,0.0072
i513.jpeg,0.3602,0.0072
i514.jpeg,0.1966,0.0072
i515.jpeg,0.3538,0.0070
i516.jpeg,0.3394,0.0082
i517.jpeg,0.3194,0.0070
i518.jpeg,0.2345,0.0082
i519.jpeg,0.3772,0.0072
i520.jpeg,0.3777,0.0065
i521.jpeg,0.3610,0.0073
i522.jpeg,0.2222,0.0082
i523.jpeg,0.3007,0.0067
i524.jpeg,0.2213,0.0073
i525.jpeg,0.2354,0.0064
i526.jpeg,0.1430,0.0072
i527.jpeg,0.2015,0.0072
i528.jpeg,0.2432,0.0070
i529.jpeg,0.2321,0.0072
i530.jpeg,0.3262,0.0070
i531.jpeg,0.3684,0.0062
i532.jpeg,0.3056,0.0073
i533.jpeg,0.2250,0.0068
i534.jpeg,0.2370,0.0070
i535.jpeg,0.3004,0.0082
i536.jpeg,0.3355,0.0070
i537.jpeg,0.2903,0.0092
i538.jpeg,0.3543,0.0082
i539.jpeg,0.2371,0.0070
i540.jpeg,0.3844,0.0072
i541.jpeg,0.2509,0.0062
i542.jpeg,0.3569,0.0072
i543.jpeg,0.2295,0.0061
i544.jpeg,0.2161,0.0070
i545.jpeg,0.3258,0.0072
i546.jpeg,0.2630,0.0071
i547.jpeg,0.3760,0.0072
i548.jpeg,0.1709,0.0072
i549.jpeg,0.2662,0.0078
i550.jpeg,0.2504,0.0070
i551.jpeg,0.2397,0.0070
i552.jpeg,0.3231,0.0072
i553.jpeg,0.1859,0.0071
i554.jpeg,0.3446,0.0060
i555.jpeg,0.3804,0.0071
i556.jpeg,0.2775,0.0070
i557.jpeg,0.4956,0.0072
i558.jpeg,0.2914,0.0083
i559.jpeg,0.2659,0.0082
i560.jpeg,0.2693,0.0080
i561.jpeg,0.2538,0.0083
i562.jpeg,0.3443,0.0081
i563.jpeg,0.2354,0.0077
i564.jpeg,0.3707,0.0082
i565.jpeg,0.2550,0.0082
i566.jpeg,0.3200,0.0081
i567.jpeg,0.2420,0.0082
i568.jpeg,0.2235,0.0072
i569.jpeg,0.2938,0.0072
i570.jpeg,0.3795,0.0070
i571.jpeg,0.2347,0.0070
i572.jpeg,0.4768,0.0070
i573.jpeg,0.3331,0.0060
i574.jpeg,0.2205,0.0070
i575.jpeg,0.2310,0.0072
i576.jpeg,0.2244,0.0072
i577.jpeg,0.2390,0.0071
i578.jpeg,0.2637,0.0070
i579.jpeg,0.2785,0.0082
i580.jpeg,0.3992,0.0072
i581.jpeg,0.1551,0.0071
i582.jpeg,0.2677,0.0081
i583.jpeg,0.2534,0.0080
i584.jpeg,0.4078,0.0082
i585.jpeg,0.3535,0.0081
i586.jpeg,0.4205,0.0067
i587.jpeg,0.2405,0.0080
i588.jpeg,0.2377,0.0067
i589.jpeg,0.2624,0.0072
i590.jpeg,0.2779,0.0070
i591.jpeg,0.2281,0.0073
i592.jpeg,0.2642,0.0071
i593.jpeg,0.2465,0.0070
i594.jpeg,0.2725,0.0072
i595.jpeg,0.3208,0.0062
i596.jpeg,0.4775,0.0072
i597.jpeg,0.3535,0.0062
i598.jpeg,0.3213,0.0070
i599.jpeg,0.2828,0.0072
i600.jpeg,0.2383,0.0070
i601.jpeg,0.2843,0.0082
i602.jpeg,0.2987,0.0070
i603.jpeg,0.3595,0.0072
i604.jpeg,0.2592,0.0072
i605.jpeg,0.2952,0.0082
i606.jpeg,0.4034,0.0082
i607.jpeg,0.1988,0.0072
i608.jpeg,0.3576,0.0082
i609.jpeg,0.4121,0.0071
i610.jpeg,0.2412,0.0080
i611.jpeg,0.2570,0.0077
i612.jpeg,0.2534,0.0091
i613.jpeg,0.3774,0.0072
i614.jpeg,0.3249,0.0070
i615.jpeg,0.3821,0.0080
i616.jpeg,0.2631,0.0071
i617.jpeg,0.2604,0.0076
i618.jpeg,0.2366,0.0077
i619.jpeg,0.2488,0.0072
i620.jpeg,0.3174,0.0072
i621.jpeg,0.2350,0.0071
i622.jpeg,0.3278,0.0072
i623.jpeg,0.2366,0.0072
i624.jpeg,0.2502,0.0070
i625.jpeg,0.2169,0.0076
i626.jpeg,0.2919,0.0061
i627.jpeg,0.2229,0.0072
i628.jpeg,0.3636,0.0072
i629.jpeg,0.2080,0.0070
i630.jpeg,0.2755,0.0071
i631.jpeg,0.2666,0.0070
i632.jpeg,0.2699,0.0070
i633.jpeg,0.3505,0.0070
i634.jpeg,0.2327,0.0072
i635.jpeg,0.2924,0.0072
i636.jpeg,0.4760,0.0070
i637.jpeg,0.2515,0.0070
i638.jpeg,0.3890,0.0072
i639.jpeg,0.2269,0.0070
i640.jpeg,0.3057,0.0071
i641.jpeg,0.2367,0.0082
i642.jpeg,0.3218,0.0070
i643.jpeg,0.2781,0.0061
i644.jpeg,0.2338,0.0072
i645.jpeg,0.2313,0.0073
i646.jpeg,0.2499,0.0070
i647.jpeg,0.2515,0.0071
i648.jpeg,0.3221,0.0072
i649.jpeg,0.2489,0.0075
i650.jpeg,0.2613,0.0072
i651.jpeg,0.2327,0.0071
i652.jpeg,0.2186,0.0072
i653.jpeg,0.3304,0.0080
i654.jpeg,0.2300,0.0072
i655.jpeg,0.2603,0.0072
i656.jpeg,0.2240,0.0072
i657.jpeg,0.3494,0.0081
i658.jpeg,0.3231,0.0075
i659.jpeg,0.3898,0.0060
i660.jpeg,0.2318,0.0072
i661.jpeg,0.3038,0.0070
i662.jpeg,0.2254,0.0070
i663.jpeg,0.2371,0.0072
i664.jpeg,0.3262,0.0062
i665.jpeg,0.2659,0.0070
i666.jpeg,0.3037,0.0070
i667.jpeg,0.2312,0.0070
i668.jpeg,0.2316,0.0072
i669.jpeg,0.2378,0.0064
i670.jpeg,0.3906,0.0072
i671.jpeg,0.2317,0.0072
i672.jpeg,0.2667,0.0083
i673.jpeg,0.2343,0.0071
i674.jpeg,0.2828,0.0072
i675.jpeg,0.2397,0.0071
i676.jpeg,0.2338,0.0072
i677.jpeg,0.2951,0.0067
i678.jpeg,0.3237,0.0062
i679.jpeg,0.2333,0.0070
i680.jpeg,0.3892,0.0061
i681.jpeg,0.3184,0.0072
i682.jpeg,0.3603,0.0070
i683.jpeg,0.2177,0.0081
i684.jpeg,0.3053,0.0073
i685.jpeg,0.2500,0.0067
i686.jpeg,0.1429,0.0072
i687.jpeg,0.2341,0.0071
i688.jpeg,0.2722,0.0072
i689.jpeg,0.2309,0.0070
i690.jpeg,0.2135,0.0062
i691.jpeg,0.2091,0.0073
i692.jpeg,0.2148,0.0082
i693.jpeg,0.2540,0.0081
i694.jpeg,0.2325,0.0071
i695.jpeg,0.2713,0.0072
i696.jpeg,0.3688,0.0070
i697.jpeg,0.2556,0.0082
i698.jpeg,0.3593,0.0071
i699.jpeg,0.2775,0.0082
i700.jpeg,0.2323,0.0070
i701.jpeg,0.2332,0.0077
i702.jpeg,0.2489,0.0070
i703.jpeg,0.2369,0.0062
i704.jpeg,0.2337,0.0073
i705.jpeg,0.2324,0.0072
i706.jpeg,0.3052,0.0060
i707.jpeg,0.2388,0.0070
i708.jpeg,0.2428,0.0072
i709.jpeg,0.2320,0.0070
i710.jpeg,0.2331,0.0070
i711.jpeg,0.2107,0.0062
i712.jpeg,0.1979,0.0077
i713.jpeg,0.2980,0.0073
i714.jpeg,0.2808,0.0070
i715.jpeg,0.2517,0.0071
i716.jpeg,0.3261,0.0070
i717.jpeg,0.2411,0.0082
i718.jpeg,0.2539,0.0072
i719.jpeg,0.2414,0.0067
i720.jpeg,0.3443,0.0070
i721.jpeg,0.2493,0.0067
i722.jpeg,0.2497,0.0070
i723.jpeg,0.2575,0.0070
i724.jpeg,0.2330,0.0072
i725.jpeg,0.3161,0.0066
i726.jpeg,0.3573,0.0072
i727.jpeg,0.2819,0.0082
i728.jpeg,0.2645,0.0082
i729.jpeg,0.1485,0.0130
i730.jpeg,0.2389,0.0072
i731.jpeg,0.2461,0.0070
i732.jpeg,0.2319,0.0072
i733.jpeg,0.2327,0.0060
i734.jpeg,0.2340,0.0072
i735.jpeg,0.1838,0.0080
i736.jpeg,0.2356,0.0072
i737.jpeg,0.2495,0.0072
i738.jpeg,0.2546,0.0082
i739.jpeg,0.3147,0.0072
i740.jpeg,0.3173,0.0070
i741.jpeg,0.2318,0.0072
i742.jpeg,0.3887,0.0072
i743.jpeg,0.2329,0.0068
i744.jpeg,0.2633,0.0080
i745.jpeg,0.3788,0.0063
i746.jpeg,0.2626,0.0073
i747.jpeg,0.2505,0.0072
i748.jpeg,0.3192,0.0083
i749.jpeg,0.2352,0.0082
i750.jpeg,0.2228,0.0071
i751.jpeg,0.2542,0.0077
i752.jpeg,0.2318,0.0075
i753.jpeg,0.3847,0.0082
i754.jpeg,0.2376,0.0063
i755.jpeg,0.3439,0.0062
i756.jpeg,0.3518,0.0062
i757.jpeg,0.2893,0.0072
i758.jpeg,0.3533,0.0064
i759.jpeg,0.2480,0.0071
i760.jpeg,0.2706,0.0067
i761.jpeg,0.2437,0.0072
i762.jpeg,0.4815,0.0073
i763.jpeg,0.2349,0.0070
i764.jpeg,0.2838,0.0080
i765.jpeg,0.3569,0.0063
i766.jpeg,0.2349,0.0072
i767.jpeg,0.2776,0.0068
i768.jpeg,0.2017,0.0072
i769.jpeg,0.2370,0.0072
i770.jpeg,0.2295,0.0066
i771.jpeg,0.2798,0.0070
i772.jpeg,0.2265,0.0082
i773.jpeg,0.3294,0.0074
i774.jpeg,0.2365,0.0072
i775.jpeg,0.2232,0.0077
i776.jpeg,0.2413,0.0082
i777.jpeg,0.2364,0.0082
i778.jpeg,0.2981,0.0072
i779.jpeg,0.3023,0.0072
i780.jpeg,0.2453,0.0070
i781.jpeg,0.2997,0.0070
i782.jpeg,0.3167,0.0068
i783.jpeg,0.2645,0.0070
i784.jpeg,0.3029,0.0073
i785.jpeg,0.3025,0.0073
i786.jpeg,0.2407,0.0072
i787.jpeg,0.3669,0.0073
i788.jpeg,0.3612,0.0070
i789.jpeg,0.2320,0.0072
i790.jpeg,0.2356,0.0070
i791.jpeg,0.2339,0.0078
i792.jpeg,0.2349,0.0072
i793.jpeg,0.2783,0.0072
i794.jpeg,0.3051,0.0072
i795.jpeg,0.2386,0.0072
i796.jpeg,0.2958,0.0072
i797.jpeg,0.3073,0.0082
i798.jpeg,0.2606,0.0071
i799.jpeg,0.2843,0.0072
i800.jpeg,0.2346,0.0075
i801.jpeg,0.3430,0.0071
i802.jpeg,0.3178,0.0072
i803.jpeg,0.2541,0.0071
i804.jpeg,0.2225,0.0066
i805.jpeg,0.2473,0.0072
i806.jpeg,0.2350,0.0072
i807.jpeg,0.2394,0.0070
i808.jpeg,0.2617,0.0072
i809.jpeg,0.3391,0.0067
i810.jpeg,0.2732,0.0072
i811.jpeg,0.3280,0.0071
i812.jpeg,0.1558,0.0072
i813.jpeg,0.2395,0.0072
i814.jpeg,0.2435,0.0092
i815.jpeg,0.2137,0.0071
i816.jpeg,0.3270,0.0071
i817.jpeg,0.2378,0.0075
i818.jpeg,0.2931,0.0071
i819.jpeg,0.3083,0.0072
i820.jpeg,0.2352,0.0071
i821.jpeg,0.3090,0.0070
i822.jpeg,0.2319,0.0072
i823.jpeg,0.2339,0.0080
i824.jpeg,0.3692,0.0063
i825.jpeg,0.4846,0.0072
i826.jpeg,0.3388,0.0083
i827.jpeg,0.3141,0.0073
i828.jpeg,0.3011,0.0073
i829.jpeg,0.2175,0.0072
i830.jpeg,0.2365,0.0082
i831.jpeg,0.3824,0.0073
i832.jpeg,0.2830,0.0076
i833.jpeg,0.2356,0.0075
i834.jpeg,0.3698,0.0062
i835.jpeg,0.3049,0.0070
i836.jpeg,0.2359,0.0072
i837.jpeg,0.3486,0.0072
i838.jpeg,0.2996,0.0071
i839.jpeg,0.2369,0.0082
i840.jpeg,0.2421,0.0071
i841.jpeg,0.2332,0.0072
i842.jpeg,0.2433,0.0070
i843.jpeg,0.2324,0.0070
i844.jpeg,0.2440,0.0071
i845.jpeg,0.3009,0.0070
i846.jpeg,0.3284,0.0070
i847.jpeg,0.2996,0.0073
i848.jpeg,0.2545,0.0072
i849.jpeg,0.2386,0.0072
i850.jpeg,0.2297,0.0070
i851.jpeg,0.2479,0.0070
i852.jpeg,0.2607,0.0070
i853.jpeg,0.3504,0.0080
i854.jpeg,0.2782,0.0082
i855.jpeg,0.2569,0.0070
i856.jpeg,0.2867,0.0080
i857.jpeg,0.2470,0.0071
i858.jpeg,0.2900,0.0072
i859.jpeg,0.2412,0.0078
i860.jpeg,0.2661,0.0075
i861.jpeg,0.3649,0.0077
i862.jpeg,0.2376,0.0070
i863.jpeg,0.3060,0.0082
i864.jpeg,0.3151,0.0077
i865.jpeg,0.3016,0.0072
i866.jpeg,0.2466,0.0074
i867.jpeg,0.2615,0.0108
i868.jpeg,0.2311,0.0062
i869.jpeg,0.2426,0.0072
i870.jpeg,0.2382,0.0072
i871.jpeg,0.2897,0.0073
i872.jpeg,0.2993,0.0072
i873.jpeg,0.2482,0.0070
i874.jpeg,0.2320,0.0083
i875.jpeg,0.2287,0.0072
i876.jpeg,0.3286,0.0072
i877.jpeg,0.2426,0.0073
i878.jpeg,0.3349,0.0073
i879.jpeg,0.2774,0.0072
i880.jpeg,0.3055,0.0072
i881.jpeg,0.2275,0.0068
i882.jpeg,0.3295,0.0071
i883.jpeg,0.2776,0.0081
i884.jpeg,0.2465,0.0062
i885.jpeg,0.2382,0.0071
i886.jpeg,0.3354,0.0072
i887.jpeg,0.3093,0.0072
i888.jpeg,0.2346,0.0082
i889.jpeg,0.3852,0.0062
i890.jpeg,0.2671,0.0063
i891.jpeg,0.3046,0.0073
i892.jpeg,0.2404,0.0072
i893.jpeg,0.3063,0.0072
i894.jpeg,0.3269,0.0080
i895.jpeg,0.2382,0.0072
i896.jpeg,0.3874,0.0076
i897.jpeg,0.2294,0.0072
i898.jpeg,0.3889,0.0072
i899.jpeg,0.3102,0.0078
i900.jpeg,0.2916,0.0073
i901.jpeg,0.2680,0.0082
i902.jpeg,0.2452,0.0080
i903.jpeg,0.2403,0.0072
i904.jpeg,0.3785,0.0071
i905.jpeg,0.2854,0.0070
i906.jpeg,0.2247,0.0077
i907.jpeg,0.3723,0.0101
i908.jpeg,0.2335,0.0062
i909.jpeg,0.2394,0.0072
i910.jpeg,0.3058,0.0078
i911.jpeg,0.2446,0.0070
i912.jpeg,0.3688,0.0076
i913.jpeg,0.2338,0.0072
i914.jpeg,0.2080,0.0076
i915.jpeg,0.2702,0.0072
i916.jpeg,0.2815,0.0072
i917.jpeg,0.2356,0.0082
i918.jpeg,0.3350,0.0066
i919.jpeg,0.3310,0.0063
i920.jpeg,0.3338,0.0073
i921.jpeg,0.2443,0.0072
i922.jpeg,0.2471,0.0071
i923.jpeg,0.2778,0.0081
i924.jpeg,0.2446,0.0069
i925.jpeg,0.2376,0.0072
i926.jpeg,0.2158,0.0070
i927.jpeg,0.2345,0.0062
i928.jpeg,0.2387,0.0060
i929.jpeg,0.2832,0.0072
i930.jpeg,0.2937,0.0078
i931.jpeg,0.2900,0.0071
i932.jpeg,0.2558,0.0082
i933.jpeg,0.2661,0.0072
i934.jpeg,0.3706,0.0062
i935.jpeg,0.3135,0.0064
i936.jpeg,0.3243,0.0102
i937.jpeg,0.2772,0.0106
i938.jpeg,0.3001,0.0072
i939.jpeg,0.3300,0.0080
i940.jpeg,0.2341,0.0071
i941.jpeg,0.2359,0.0062
i942.jpeg,0.2675,0.0079
i943.jpeg,0.2527,0.0080
i944.jpeg,0.3182,0.0070
i945.jpeg,0.3247,0.0074
i946.jpeg,0.2064,0.0071
i947.jpeg,0.2390,0.0070
i948.jpeg,0.2313,0.0071
i949.jpeg,0.3632,0.0077
i950.jpeg,0.3933,0.0070
i951.jpeg,0.2472,0.0080
i952.jpeg,0.2293,0.0082
i953.jpeg,0.2609,0.0077
i954.jpeg,0.2095,0.0072
i955.jpeg,0.2947,0.0072
i956.jpeg,0.2422,0.0071
i957.jpeg,0.2374,0.0076
i958.jpeg,0.3622,0.0083
i959.jpeg,0.2376,0.0082
i960.jpeg,0.3726,0.0073
i961.jpeg,0.2404,0.0061
i962.jpeg,0.2350,0.0072
i963.jpeg,0.2404,0.0074
i964.jpeg,0.2695,0.0080
i965.jpeg,0.2950,0.0066
i966.jpeg,0.3115,0.0078
i967.jpeg,0.2363,0.0083
i968.jpeg,0.3141,0.0082
i969.jpeg,0.3255,0.0068
i970.jpeg,0.2842,0.0071
i971.jpeg,0.3259,0.0080
i972.jpeg,0.2702,0.0074
i973.jpeg,0.2346,0.0072
i974.jpeg,0.2665,0.0073
i975.jpeg,0.2335,0.0070
i976.jpeg,0.2713,0.0077
i977.jpeg,0.3263,0.0073
i978.jpeg,0.2786,0.0073
i979.jpeg,0.2695,0.0072
i980.jpeg,0.2417,0.0074
i981.jpeg,0.2317,0.0072
i982.jpeg,0.3047,0.0081
i983.jpeg,0.3763,0.0062
i984.jpeg,0.2376,0.0072
i985.jpeg,0.2369,0.0077
i986.jpeg,0.3127,0.0073
i987.jpeg,0.2387,0.0072
i988.jpeg,0.3278,0.0070
i989.jpeg,0.2484,0.0077
i990.jpeg,0.3499,0.0075
i991.jpeg,0.3394,0.0073
i992.jpeg,0.2911,0.0102
i993.jpeg,0.2501,0.0071
i994.jpeg,0.2854,0.0072
i995.jpeg,0.2658,0.0074
i996.jpeg,0.2421,0.0072
i997.jpeg,0.3483,0.0072
i998.jpeg,0.3933,0.0071
i999.jpeg,0.2390,0.0070
