image,search_time
i000.jpeg,0.0342
i001.jpeg,0.0337
i002.jpeg,0.0515
i003.jpeg,0.0333
i004.jpeg,0.0437
i005.jpeg,0.0412
i006.jpeg,0.0407
i007.jpeg,0.0369
i008.jpeg,0.0375
i009.jpeg,0.0400
i010.jpeg,0.0399
i011.jpeg,0.0349
i012.jpeg,0.0522
i013.jpeg,0.0354
i014.jpeg,0.0431
i015.jpeg,0.0375
i016.jpeg,0.0327
i017.jpeg,0.0339
i018.jpeg,0.0377
i019.jpeg,0.0365
i020.jpeg,0.0350
i021.jpeg,0.0376
i022.jpeg,0.0485
i023.jpeg,0.0305
i024.jpeg,0.0487
i025.jpeg,0.0330
i026.jpeg,0.0463
i027.jpeg,0.0347
i028.jpeg,0.0506
i029.jpeg,0.0366
i030.jpeg,0.0418
i031.jpeg,0.0455
i032.jpeg,0.0398
i033.jpeg,0.0437
i034.jpeg,0.0400
i035.jpeg,0.0513
i036.jpeg,0.0392
i037.jpeg,0.0549
i038.jpeg,0.0392
i039.jpeg,0.0394
i040.jpeg,0.0359
i041.jpeg,0.0413
i042.jpeg,0.0443
i043.jpeg,0.0386
i044.jpeg,0.0363
i045.jpeg,0.0385
i046.jpeg,0.0463
i047.jpeg,0.0348
i048.jpeg,0.0404
i049.jpeg,0.0537
i050.jpeg,0.0597
i051.jpeg,0.0504
i052.jpeg,0.0390
i053.jpeg,0.0455
i054.jpeg,0.0368
i055.jpeg,0.0493
i056.jpeg,0.0418
i057.jpeg,0.0456
i058.jpeg,0.0503
i059.jpeg,0.0406
i060.jpeg,0.0409
i061.jpeg,0.0386
i062.jpeg,0.0499
i063.jpeg,0.0361
i064.jpeg,0.0382
i065.jpeg,0.0396
i066.jpeg,0.0353
i067.jpeg,0.0367
i068.jpeg,0.0385
i069.jpeg,0.0481
i070.jpeg,0.0379
i071.jpeg,0.0499
i072.jpeg,0.0411
i073.jpeg,0.0443
i074.jpeg,0.0432
i075.jpeg,0.0511
i076.jpeg,0.0386
i077.jpeg,0.0505
i078.jpeg,0.0466
i079.jpeg,0.0507
i080.jpeg,0.0461
i081.jpeg,0.0402
i082.jpeg,0.0458
i083.jpeg,0.0553
i084.jpeg,0.0349
i085.jpeg,0.0554
i086.jpeg,0.0421
i087.jpeg,0.0527
i088.jpeg,0.0480
i089.jpeg,0.0433
i090.jpeg,0.0549
i091.jpeg,0.0406
i092.jpeg,0.0431
i093.jpeg,0.0368
i094.jpeg,0.0379
i095.jpeg,0.0566
i096.jpeg,0.0467
i097.jpeg,0.0408
i098.jpeg,0.0404
i099.jpeg,0.0434
i100.jpeg,0.0414
i101.jpeg,0.0393
i102.jpeg,0.0391
i103.jpeg,0.0509
i104.jpeg,0.0414
i105.jpeg,0.0452
i106.jpeg,0.0495
i107.jpeg,0.0364
i108.jpeg,0.0443
i109.jpeg,0.0508
i110.jpeg,0.0449
i111.jpeg,0.0599
i112.jpeg,0.0467
i113.jpeg,0.0444
i114.jpeg,0.0404
i115.jpeg,0.0434
i116.jpeg,0.0534
i117.jpeg,0.0407
i118.jpeg,0.0481
i119.jpeg,0.0465
i120.jpeg,0.0526
i121.jpeg,0.0449
i122.jpeg,0.0494
i123.jpeg,0.0456
i124.jpeg,0.0466
i125.jpeg,0.0485
i126.jpeg,0.0523
i127.jpeg,0.0455
i128.jpeg,0.0684
i129.jpeg,0.0677
i130.jpeg,0.0426
i131.jpeg,0.0477
i132.jpeg,0.0596
i133.jpeg,0.0440
i134.jpeg,0.0486
i135.jpeg,0.0614
i136.jpeg,0.0433
i137.jpeg,0.0578
i138.jpeg,0.0425
i139.jpeg,0.0598
i140.jpeg,0.0447
i141.jpeg,0.0483
i142.jpeg,0.0402
i143.jpeg,0.0406
i144.jpeg,0.0470
i145.jpeg,0.0501
i146.jpeg,0.0416
i147.jpeg,0.0549
i148.jpeg,0.0442
i149.jpeg,0.0614
i150.jpeg,0.0438
i151.jpeg,0.0530
i152.jpeg,0.0584
i153.jpeg,0.0423
i154.jpeg,0.0443
i155.jpeg,0.0442
i156.jpeg,0.0507
i157.jpeg,0.0431
i158.jpeg,0.0433
i159.jpeg,0.0528
i160.jpeg,0.0514
i161.jpeg,0.0445
i162.jpeg,0.0562
i163.jpeg,0.0545
i164.jpeg,0.0754
i165.jpeg,0.0569
i166.jpeg,0.0472
i167.jpeg,0.0453
i168.jpeg,0.0489
i169.jpeg,0.0481
i170.jpeg,0.0593
i171.jpeg,0.0435
i172.jpeg,0.0370
i173.jpeg,0.0424
i174.jpeg,0.0447
i175.jpeg,0.0415
i176.jpeg,0.0363
i177.jpeg,0.0426
i178.jpeg,0.0393
i179.jpeg,0.0447
i180.jpeg,0.0366
i181.jpeg,0.0397
i182.jpeg,0.0413
i183.jpeg,0.0420
i184.jpeg,0.0442
i185.jpeg,0.0405
i186.jpeg,0.0385
i187.jpeg,0.0464
i188.jpeg,0.0470
i189.jpeg,0.0406
i190.jpeg,0.0643
i191.jpeg,0.0399
i192.jpeg,0.0508
i193.jpeg,0.0336
i194.jpeg,0.0378
i195.jpeg,0.0345
i196.jpeg,0.0468
i197.jpeg,0.0350
i198.jpeg,0.0357
i199.jpeg,0.0338
i200.jpeg,0.0355
i201.jpeg,0.0322
i202.jpeg,0.0365
i203.jpeg,0.0339
i204.jpeg,0.0535
i205.jpeg,0.0414
i206.jpeg,0.0349
i207.jpeg,0.0406
i208.jpeg,0.0339
i209.jpeg,0.0383
i210.jpeg,0.0449
i211.jpeg,0.0330
i212.jpeg,0.0387
i213.jpeg,0.0342
i214.jpeg,0.0371
i215.jpeg,0.0338
i216.jpeg,0.0420
i217.jpeg,0.0398
i218.jpeg,0.0419
i219.jpeg,0.0493
i220.jpeg,0.0353
i221.jpeg,0.0382
i222.jpeg,0.0345
i223.jpeg,0.0334
i224.jpeg,0.0344
i225.jpeg,0.0313
i226.jpeg,0.0341
i227.jpeg,0.0343
i228.jpeg,0.0352
i229.jpeg,0.0470
i230.jpeg,0.0367
i231.jpeg,0.0417
i232.jpeg,0.0462
i233.jpeg,0.0451
i234.jpeg,0.0445
i235.jpeg,0.0447
i236.jpeg,0.0453
i237.jpeg,0.0494
i238.jpeg,0.0458
i239.jpeg,0.0401
i240.jpeg,0.0396
i241.jpeg,0.0425
i242.jpeg,0.0363
i243.jpeg,0.0415
i244.jpeg,0.0398
i245.jpeg,0.0367
i246.jpeg,0.0482
i247.jpeg,0.0372
i248.jpeg,0.0404
i249.jpeg,0.0350
i250.jpeg,0.0417
i251.jpeg,0.0385
i252.jpeg,0.0437
i253.jpeg,0.0402
i254.jpeg,0.0396
i255.jpeg,0.0642
i256.jpeg,0.0373
i257.jpeg,0.0483
i258.jpeg,0.0475
i259.jpeg,0.0471
i260.jpeg,0.0423
i261.jpeg,0.0427
i262.jpeg,0.0406
i263.jpeg,0.0503
i264.jpeg,0.0414
i265.jpeg,0.0476
i266.jpeg,0.0426
i267.jpeg,0.0507
i268.jpeg,0.0573
i269.jpeg,0.0681
i270.jpeg,0.0505
i271.jpeg,0.0533
i272.jpeg,0.0478
i273.jpeg,0.0454
i274.jpeg,0.0340
i275.jpeg,0.0486
i276.jpeg,0.0375
i277.jpeg,0.0413
i278.jpeg,0.0329
i279.jpeg,0.0425
i280.jpeg,0.0355
i281.jpeg,0.0387
i282.jpeg,0.0337
i283.jpeg,0.0418
i284.jpeg,0.0345
i285.jpeg,0.0477
i286.jpeg,0.0367
i287.jpeg,0.0379
i288.jpeg,0.0353
i289.jpeg,0.0406
i290.jpeg,0.0336
i291.jpeg,0.0420
i292.jpeg,0.0356
i293.jpeg,0.0359
i294.jpeg,0.0413
i295.jpeg,0.0331
i296.jpeg,0.0391
i297.jpeg,0.0329
i298.jpeg,0.0334
i299.jpeg,0.0378
i300.jpeg,0.0384
i301.jpeg,0.0341
i302.jpeg,0.0476
i303.jpeg,0.0336
i304.jpeg,0.0327
i305.jpeg,0.0384
i306.jpeg,0.0360
i307.jpeg,0.0425
i308.jpeg,0.0472
i309.jpeg,0.0330
i310.jpeg,0.0340
i311.jpeg,0.0362
i312.jpeg,0.0358
i313.jpeg,0.0336
i314.jpeg,0.0502
i315.jpeg,0.0340
i316.jpeg,0.0336
i317.jpeg,0.0328
i318.jpeg,0.0366
i319.jpeg,0.0345
i320.jpeg,0.0344
i321.jpeg,0.0494
i322.jpeg,0.0430
i323.jpeg,0.0369
i324.jpeg,0.0453
i325.jpeg,0.0400
i326.jpeg,0.0366
i327.jpeg,0.0346
i328.jpeg,0.0459
i329.jpeg,0.0360
i330.jpeg,0.0373
i331.jpeg,0.0438
i332.jpeg,0.0359
i333.jpeg,0.0364
i334.jpeg,0.0383
i335.jpeg,0.0438
i336.jpeg,0.0367
i337.jpeg,0.0501
i338.jpeg,0.0546
i339.jpeg,0.0346
i340.jpeg,0.0339
i341.jpeg,0.0359
i342.jpeg,0.0459
i343.jpeg,0.0316
i344.jpeg,0.0376
i345.jpeg,0.0553
i346.jpeg,0.0399
i347.jpeg,0.0483
i348.jpeg,0.0499
i349.jpeg,0.0499
i350.jpeg,0.0365
i351.jpeg,0.0406
i352.jpeg,0.0340
i353.jpeg,0.0349
i354.jpeg,0.0387
i355.jpeg,0.0388
i356.jpeg,0.0338
i357.jpeg,0.0495
i358.jpeg,0.0408
i359.jpeg,0.0419
i360.jpeg,0.0373
i361.jpeg,0.0503
i362.jpeg,0.0430
i363.jpeg,0.0456
i364.jpeg,0.0390
i365.jpeg,0.0484
i366.jpeg,0.0379
i367.jpeg,0.0368
i368.jpeg,0.0409
i369.jpeg,0.0401
i370.jpeg,0.0405
i371.jpeg,0.0469
i372.jpeg,0.0373
i373.jpeg,0.0446
i374.jpeg,0.0372
i375.jpeg,0.0455
i376.jpeg,0.0417
i377.jpeg,0.0392
i378.jpeg,0.0350
i379.jpeg,0.0366
i380.jpeg,0.0400
i381.jpeg,0.0375
i382.jpeg,0.0410
i383.jpeg,0.0429
i384.jpeg,0.0413
i385.jpeg,0.0437
i386.jpeg,0.0460
i387.jpeg,0.0510
i388.jpeg,0.0390
i389.jpeg,0.0487
i390.jpeg,0.0345
i391.jpeg,0.0383
i392.jpeg,0.0472
i393.jpeg,0.0383
i394.jpeg,0.0444
i395.jpeg,0.0364
i396.jpeg,0.0416
i397.jpeg,0.0365
i398.jpeg,0.0425
i399.jpeg,0.0350
i400.jpeg,0.0399
i401.jpeg,0.0510
i402.jpeg,0.0344
i403.jpeg,0.0475
i404.jpeg,0.0372
i405.jpeg,0.0420
i406.jpeg,0.0367
i407.jpeg,0.0410
i408.jpeg,0.0353
i409.jpeg,0.0319
i410.jpeg,0.0337
i411.jpeg,0.0362
i412.jpeg,0.0355
i413.jpeg,0.0364
i414.jpeg,0.0451
i415.jpeg,0.0339
i416.jpeg,0.0334
i417.jpeg,0.0367
i418.jpeg,0.0415
i419.jpeg,0.0329
i420.jpeg,0.0340
i421.jpeg,0.0385
i422.jpeg,0.0356
i423.jpeg,0.0382
i424.jpeg,0.0327
i425.jpeg,0.0475
i426.jpeg,0.0376
i427.jpeg,0.0354
i428.jpeg,0.0368
i429.jpeg,0.0417
i430.jpeg,0.0514
i431.jpeg,0.0342
i432.jpeg,0.0577
i433.jpeg,0.0412
i434.jpeg,0.0349
i435.jpeg,0.0368
i436.jpeg,0.0504
i437.jpeg,0.0357
i438.jpeg,0.0412
i439.jpeg,0.0321
i440.jpeg,0.0400
i441.jpeg,0.0351
i442.jpeg,0.0411
i443.jpeg,0.0342
i444.jpeg,0.0503
i445.jpeg,0.0376
i446.jpeg,0.0395
i447.jpeg,0.0411
i448.jpeg,0.0443
i449.jpeg,0.0347
i450.jpeg,0.0498
i451.jpeg,0.0358
i452.jpeg,0.0497
i453.jpeg,0.0350
i454.jpeg,0.0374
i455.jpeg,0.0489
i456.jpeg,0.0424
i457.jpeg,0.0376
i458.jpeg,0.0345
i459.jpeg,0.0451
i460.jpeg,0.0332
i461.jpeg,0.0405
i462.jpeg,0.0340
i463.jpeg,0.0460
i464.jpeg,0.0358
i465.jpeg,0.0412
i466.jpeg,0.0360
i467.jpeg,0.0465
i468.jpeg,0.0328
i469.jpeg,0.0350
i470.jpeg,0.0457
i471.jpeg,0.0490
i472.jpeg,0.0325
i473.jpeg,0.0356
i474.jpeg,0.0347
i475.jpeg,0.0423
i476.jpeg,0.0392
i477.jpeg,0.0429
i478.jpeg,0.0353
i479.jpeg,0.0437
i480.jpeg,0.0373
i481.jpeg,0.0421
i482.jpeg,0.0371
i483.jpeg,0.0554
i484.jpeg,0.0436
i485.jpeg,0.0338
i486.jpeg,0.0504
i487.jpeg,0.0408
i488.jpeg,0.0339
i489.jpeg,0.0394
i490.jpeg,0.0396
i491.jpeg,0.0452
i492.jpeg,0.0396
i493.jpeg,0.0374
i494.jpeg,0.0456
i495.jpeg,0.0354
i496.jpeg,0.0453
i497.jpeg,0.0398
i498.jpeg,0.0453
i499.jpeg,0.0478
i500.jpeg,0.0377
i501.jpeg,0.0362
i502.jpeg,0.0467
i503.jpeg,0.0380
i504.jpeg,0.0453
i505.jpeg,0.0382
i506.jpeg,0.0375
i507.jpeg,0.0355
i508.jpeg,0.0411
i509.jpeg,0.0372
i510.jpeg,0.0353
i511.jpeg,0.0362
i512.jpeg,0.0411
i513.jpeg,0.0562
i514.jpeg,0.0387
i515.jpeg,0.0384
i516.jpeg,0.0362
i517.jpeg,0.0346
i518.jpeg,0.0365
i519.jpeg,0.0433
i520.jpeg,0.0446
i521.jpeg,0.0367
i522.jpeg,0.0374
i523.jpeg,0.0367
i524.jpeg,0.0416
i525.jpeg,0.0357
i526.jpeg,0.0365
i527.jpeg,0.0368
i528.jpeg,0.0361
i529.jpeg,0.0396
i530.jpeg,0.0451
i531.jpeg,0.0364
i532.jpeg,0.0424
i533.jpeg,0.0342
i534.jpeg,0.0551
i535.jpeg,0.0364
i536.jpeg,0.0476
i537.jpeg,0.0389
i538.jpeg,0.0364
i539.jpeg,0.0384
i540.jpeg,0.0359
i541.jpeg,0.0408
i542.jpeg,0.0376
i543.jpeg,0.0487
i544.jpeg,0.0358
i545.jpeg,0.0351
i546.jpeg,0.0534
i547.jpeg,0.0374
i548.jpeg,0.0383
i549.jpeg,0.0509
i550.jpeg,0.0368
i551.jpeg,0.0548
i552.jpeg,0.0405
i553.jpeg,0.0359
i554.jpeg,0.0450
i555.jpeg,0.0345
i556.jpeg,0.0334
i557.jpeg,0.0448
i558.jpeg,0.0365
i559.jpeg,0.0465
i560.jpeg,0.0362
i561.jpeg,0.0451
i562.jpeg,0.0350
i563.jpeg,0.0456
i564.jpeg,0.0347
i565.jpeg,0.0376
i566.jpeg,0.0472
i567.jpeg,0.0378
i568.jpeg,0.0343
i569.jpeg,0.0393
i570.jpeg,0.0344
i571.jpeg,0.0551
i572.jpeg,0.0460
i573.jpeg,0.0440
i574.jpeg,0.0339
i575.jpeg,0.0460
i576.jpeg,0.0377
i577.jpeg,0.0425
i578.jpeg,0.0354
i579.jpeg,0.0350
i580.jpeg,0.0362
i581.jpeg,0.0398
i582.jpeg,0.0388
i583.jpeg,0.0429
i584.jpeg,0.0402
i585.jpeg,0.0400
i586.jpeg,0.0401
i587.jpeg,0.0548
i588.jpeg,0.0489
i589.jpeg,0.0422
i590.jpeg,0.0395
i591.jpeg,0.0484
i592.jpeg,0.0552
i593.jpeg,0.0390
i594.jpeg,0.0360
i595.jpeg,0.0383
i596.jpeg,0.0416
i597.jpeg,0.0447
i598.jpeg,0.0366
i599.jpeg,0.0543
i600.jpeg,0.0440
i601.jpeg,0.0460
i602.jpeg,0.0366
i603.jpeg,0.0381
i604.jpeg,0.0382
i605.jpeg,0.0471
i606.jpeg,0.0387
i607.jpeg,0.0415
i608.jpeg,0.0369
i609.jpeg,0.0371
i610.jpeg,0.0350
i611.jpeg,0.0358
i612.jpeg,0.0339
i613.jpeg,0.0365
i614.jpeg,0.0375
i615.jpeg,0.0393
i616.jpeg,0.0374
i617.jpeg,0.0415
i618.jpeg,0.0399
i619.jpeg,0.0499
i620.jpeg,0.0336
i621.jpeg,0.0370
i622.jpeg,0.0350
i623.jpeg,0.0344
i624.jpeg,0.0438
i625.jpeg,0.0340
i626.jpeg,0.0377
i627.jpeg,0.0359
i628.jpeg,0.0373
i629.jpeg,0.0328
i630.jpeg,0.0404
i631.jpeg,0.0350
i632.jpeg,0.0367
i633.jpeg,0.0381
i634.jpeg,0.0415
i635.jpeg,0.0367
i636.jpeg,0.0372
i637.jpeg,0.0370
i638.jpeg,0.0497
i639.jpeg,0.0389
i640.jpeg,0.0401
i641.jpeg,0.0337
i642.jpeg,0.0440
i643.jpeg,0.0378
i644.jpeg,0.0497
i645.jpeg,0.0392
i646.jpeg,0.0387
i647.jpeg,0.0377
i648.jpeg,0.0363
i649.jpeg,0.0334
i650.jpeg,0.0486
i651.jpeg,0.0367
i652.jpeg,0.0424
i653.jpeg,0.0337
i654.jpeg,0.0396
i655.jpeg,0.0352
i656.jpeg,0.0358
i657.jpeg,0.0380
i658.jpeg,0.0442
i659.jpeg,0.0310
i660.jpeg,0.0383
i661.jpeg,0.0357
i662.jpeg,0.0369
i663.jpeg,0.0396
i664.jpeg,0.0365
i665.jpeg,0.0419
i666.jpeg,0.0363
i667.jpeg,0.0393
i668.jpeg,0.0400
i669.jpeg,0.0432
i670.jpeg,0.0342
i671.jpeg,0.0413
i672.jpeg,0.0386
i673.jpeg,0.0366
i674.jpeg,0.0355
i675.jpeg,0.0334
i676.jpeg,0.0357
i677.jpeg,0.0401
i678.jpeg,0.0335
i679.jpeg,0.0484
i680.jpeg,0.0501
i681.jpeg,0.0390
i682.jpeg,0.0457
i683.jpeg,0.0359
i684.jpeg,0.0352
i685.jpeg,0.0387
i686.jpeg,0.0333
i687.jpeg,0.0444
i688.jpeg,0.0451
i689.jpeg,0.0365
i690.jpeg,0.0371
i691.jpeg,0.0331
i692.jpeg,0.0357
i693.jpeg,0.0367
i694.jpeg,0.0407
i695.jpeg,0.0354
i696.jpeg,0.0534
i697.jpeg,0.0380
i698.jpeg,0.0402
i699.jpeg,0.0565
i700.jpeg,0.0348
i701.jpeg,0.0348
i702.jpeg,0.0394
i703.jpeg,0.0415
i704.jpeg,0.0355
i705.jpeg,0.0364
i706.jpeg,0.0409
i707.jpeg,0.0369
i708.jpeg,0.0418
i709.jpeg,0.0364
i710.jpeg,0.0367
i711.jpeg,0.0352
i712.jpeg,0.0470
i713.jpeg,0.0330
i714.jpeg,0.0337
i715.jpeg,0.0490
i716.jpeg,0.0359
i717.jpeg,0.0404
i718.jpeg,0.0368
i719.jpeg,0.0519
i720.jpeg,0.0664
i721.jpeg,0.0441
i722.jpeg,0.0482
i723.jpeg,0.0323
i724.jpeg,0.0351
i725.jpeg,0.0410
i726.jpeg,0.0355
i727.jpeg,0.0331
i728.jpeg,0.0371
i729.jpeg,0.0395
i730.jpeg,0.0382
i731.jpeg,0.0406
i732.jpeg,0.0422
i733.jpeg,0.0361
i734.jpeg,0.0479
i735.jpeg,0.0404
i736.jpeg,0.0361
i737.jpeg,0.0328
i738.jpeg,0.0390
i739.jpeg,0.0332
i740.jpeg,0.0403
i741.jpeg,0.0359
i742.jpeg,0.0398
i743.jpeg,0.0383
i744.jpeg,0.0342
i745.jpeg,0.0421
i746.jpeg,0.0370
i747.jpeg,0.0375
i748.jpeg,0.0537
i749.jpeg,0.0419
i750.jpeg,0.0563
i751.jpeg,0.0646
i752.jpeg,0.0414
i753.jpeg,0.0390
i754.jpeg,0.0441
i755.jpeg,0.0374
i756.jpeg,0.0473
i757.jpeg,0.0323
i758.jpeg,0.0420
i759.jpeg,0.0323
i760.jpeg,0.0390
i761.jpeg,0.0344
i762.jpeg,0.0413
i763.jpeg,0.0323
i764.jpeg,0.0491
i765.jpeg,0.0484
i766.jpeg,0.0470
i767.jpeg,0.0429
i768.jpeg,0.0336
i769.jpeg,0.0424
i770.jpeg,0.0384
i771.jpeg,0.0355
i772.jpeg,0.0345
i773.jpeg,0.0396
i774.jpeg,0.0375
i775.jpeg,0.0468
i776.jpeg,0.0388
i777.jpeg,0.0395
i778.jpeg,0.0396
i779.jpeg,0.0385
i780.jpeg,0.0452
i781.jpeg,0.0448
i782.jpeg,0.0420
i783.jpeg,0.0368
i784.jpeg,0.0454
i785.jpeg,0.0476
i786.jpeg,0.0368
i787.jpeg,0.0376
i788.jpeg,0.0380
i789.jpeg,0.0434
i790.jpeg,0.0380
i791.jpeg,0.0376
i792.jpeg,0.0396
i793.jpeg,0.0354
i794.jpeg,0.0386
i795.jpeg,0.0431
i796.jpeg,0.0356
i797.jpeg,0.0350
i798.jpeg,0.0357
i799.jpeg,0.0490
i800.jpeg,0.0429
i801.jpeg,0.0374
i802.jpeg,0.0400
i803.jpeg,0.0392
i804.jpeg,0.0490
i805.jpeg,0.0381
i806.jpeg,0.0408
i807.jpeg,0.0435
i808.jpeg,0.0335
i809.jpeg,0.0354
i810.jpeg,0.0434
i811.jpeg,0.0359
i812.jpeg,0.0462
i813.jpeg,0.0382
i814.jpeg,0.0439
i815.jpeg,0.0384
i816.jpeg,0.0392
i817.jpeg,0.0401
i818.jpeg,0.0400
i819.jpeg,0.0385
i820.jpeg,0.0397
i821.jpeg,0.0444
i822.jpeg,0.0397
i823.jpeg,0.0478
i824.jpeg,0.0453
i825.jpeg,0.0364
i826.jpeg,0.0363
i827.jpeg,0.0400
i828.jpeg,0.0349
i829.jpeg,0.0379
i830.jpeg,0.0436
i831.jpeg,0.0387
i832.jpeg,0.0438
i833.jpeg,0.0394
i834.jpeg,0.0436
i835.jpeg,0.0342
i836.jpeg,0.0342
i837.jpeg,0.0449
i838.jpeg,0.0366
i839.jpeg,0.0522
i840.jpeg,0.0553
i841.jpeg,0.0420
i842.jpeg,0.0376
i843.jpeg,0.0435
i844.jpeg,0.0392
i845.jpeg,0.0371
i846.jpeg,0.0362
i847.jpeg,0.0438
i848.jpeg,0.0438
i849.jpeg,0.0411
i850.jpeg,0.0430
i851.jpeg,0.0362
i852.jpeg,0.0439
i853.jpeg,0.0375
i854.jpeg,0.0494
i855.jpeg,0.0407
i856.jpeg,0.0428
i857.jpeg,0.0417
i858.jpeg,0.0445
i859.jpeg,0.0603
i860.jpeg,0.0419
i861.jpeg,0.0395
i862.jpeg,0.0376
i863.jpeg,0.0425
i864.jpeg,0.0447
i865.jpeg,0.0362
i866.jpeg,0.0485
i867.jpeg,0.0457
i868.jpeg,0.0345
i869.jpeg,0.0455
i870.jpeg,0.0401
i871.jpeg,0.0358
i872.jpeg,0.0342
i873.jpeg,0.0320
i874.jpeg,0.0346
i875.jpeg,0.0336
i876.jpeg,0.0392
i877.jpeg,0.0384
i878.jpeg,0.0421
i879.jpeg,0.0337
i880.jpeg,0.0361
i881.jpeg,0.0362
i882.jpeg,0.0336
i883.jpeg,0.0395
i884.jpeg,0.0390
i885.jpeg,0.0408
i886.jpeg,0.0363
i887.jpeg,0.0478
i888.jpeg,0.0424
i889.jpeg,0.0358
i890.jpeg,0.0424
i891.jpeg,0.0364
i892.jpeg,0.0373
i893.jpeg,0.0357
i894.jpeg,0.0371
i895.jpeg,0.0406
i896.jpeg,0.0348
i897.jpeg,0.0363
i898.jpeg,0.0354
i899.jpeg,0.0385
i900.jpeg,0.0333
i901.jpeg,0.0387
i902.jpeg,0.0432
i903.jpeg,0.0489
i904.jpeg,0.0373
i905.jpeg,0.0476
i906.jpeg,0.0350
i907.jpeg,0.0406
i908.jpeg,0.0341
i909.jpeg,0.0404
i910.jpeg,0.0501
i911.jpeg,0.0396
i912.jpeg,0.0369
i913.jpeg,0.0338
i914.jpeg,0.0417
i915.jpeg,0.0364
i916.jpeg,0.0425
i917.jpeg,0.0404
i918.jpeg,0.0350
i919.jpeg,0.0491
i920.jpeg,0.0350
i921.jpeg,0.0380
i922.jpeg,0.0346
i923.jpeg,0.0383
i924.jpeg,0.0374
i925.jpeg,0.0350
i926.jpeg,0.0393
i927.jpeg,0.0463
i928.jpeg,0.0384
i929.jpeg,0.0408
i930.jpeg,0.0343
i931.jpeg,0.0464
i932.jpeg,0.0386
i933.jpeg,0.0398
i934.jpeg,0.0389
i935.jpeg,0.0354
i936.jpeg,0.0408
i937.jpeg,0.0339
i938.jpeg,0.0442
i939.jpeg,0.0348
i940.jpeg,0.0461
i941.jpeg,0.0358
i942.jpeg,0.0421
i943.jpeg,0.0437
i944.jpeg,0.0343
i945.jpeg,0.0496
i946.jpeg,0.0346
i947.jpeg,0.0523
i948.jpeg,0.0341
i949.jpeg,0.0356
i950.jpeg,0.0331
i951.jpeg,0.0515
i952.jpeg,0.0374
i953.jpeg,0.0320
i954.jpeg,0.0351
i955.jpeg,0.0324
i956.jpeg,0.0324
i957.jpeg,0.0441
i958.jpeg,0.0348
i959.jpeg,0.0430
i960.jpeg,0.0339
i961.jpeg,0.0364
i962.jpeg,0.0342
i963.jpeg,0.0432
i964.jpeg,0.0534
i965.jpeg,0.0437
i966.jpeg,0.0573
i967.jpeg,0.0391
i968.jpeg,0.0438
i969.jpeg,0.0343
i970.jpeg,0.0363
i971.jpeg,0.0378
i972.jpeg,0.0316
i973.jpeg,0.0398
i974.jpeg,0.0369
i975.jpeg,0.0442
i976.jpeg,0.0357
i977.jpeg,0.0355
i978.jpeg,0.0352
i979.jpeg,0.0369
i980.jpeg,0.0341
i981.jpeg,0.0337
i982.jpeg,0.0341
i983.jpeg,0.0445
i984.jpeg,0.0373
i985.jpeg,0.0508
i986.jpeg,0.0391
i987.jpeg,0.0423
i988.jpeg,0.0384
i989.jpeg,0.0400
i990.jpeg,0.0402
i991.jpeg,0.0423
i992.jpeg,0.0360
i993.jpeg,0.0475
i994.jpeg,0.0393
i995.jpeg,0.0458
i996.jpeg,0.0365
i997.jpeg,0.0358
i998.jpeg,0.0357
i999.jpeg,0.0440
